id	clean_title	selftext	2_way_label
1	Real Title 1	This is true.	0
2	Fake Title 1	This is false.	1
1	Real Title 1	This is true.	0
2	Fake Title 1	This is false.	1
1	Real Title 1	This is true.	0
2	Fake Title 1	This is false.	1
1	Real Title 1	This is true.	0
2	Fake Title 1	This is false.	1
1	Real Title 1	This is true.	0
2	Fake Title 1	This is false.	1
1	Real Title 1	This is true.	0
2	Fake Title 1	This is false.	1
1	Real Title 1	This is true.	0
2	Fake Title 1	This is false.	1
1	Real Title 1	This is true.	0
2	Fake Title 1	This is false.	1
1	Real Title 1	This is true.	0
2	Fake Title 1	This is false.	1
1	Real Title 1	This is true.	0
2	Fake Title 1	This is false.	1
1	Real Title 1	This is true.	0
2	Fake Title 1	This is false.	1
1	Real Title 1	This is true.	0
2	Fake Title 1	This is false.	1
1	Real Title 1	This is true.	0
2	Fake Title 1	This is false.	1
1	Real Title 1	This is true.	0
2	Fake Title 1	This is false.	1
1	Real Title 1	This is true.	0
2	Fake Title 1	This is false.	1
1	Real Title 1	This is true.	0
2	Fake Title 1	This is false.	1
1	Real Title 1	This is true.	0
2	Fake Title 1	This is false.	1
1	Real Title 1	This is true.	0
2	Fake Title 1	This is false.	1
1	Real Title 1	This is true.	0
2	Fake Title 1	This is false.	1
1	Real Title 1	This is true.	0
2	Fake Title 1	This is false.	1
1	Real Title 1	This is true.	0
2	Fake Title 1	This is false.	1
1	Real Title 1	This is true.	0
2	Fake Title 1	This is false.	1
1	Real Title 1	This is true.	0
2	Fake Title 1	This is false.	1
1	Real Title 1	This is true.	0
2	Fake Title 1	This is false.	1
1	Real Title 1	This is true.	0
2	Fake Title 1	This is false.	1
1	Real Title 1	This is true.	0
2	Fake Title 1	This is false.	1
1	Real Title 1	This is true.	0
2	Fake Title 1	This is false.	1
1	Real Title 1	This is true.	0
2	Fake Title 1	This is false.	1
1	Real Title 1	This is true.	0
2	Fake Title 1	This is false.	1
1	Real Title 1	This is true.	0
2	Fake Title 1	This is false.	1
1	Real Title 1	This is true.	0
2	Fake Title 1	This is false.	1
1	Real Title 1	This is true.	0
2	Fake Title 1	This is false.	1
1	Real Title 1	This is true.	0
2	Fake Title 1	This is false.	1
1	Real Title 1	This is true.	0
2	Fake Title 1	This is false.	1
1	Real Title 1	This is true.	0
2	Fake Title 1	This is false.	1
1	Real Title 1	This is true.	0
2	Fake Title 1	This is false.	1
1	Real Title 1	This is true.	0
2	Fake Title 1	This is false.	1
1	Real Title 1	This is true.	0
2	Fake Title 1	This is false.	1
1	Real Title 1	This is true.	0
2	Fake Title 1	This is false.	1
1	Real Title 1	This is true.	0
2	Fake Title 1	This is false.	1
1	Real Title 1	This is true.	0
2	Fake Title 1	This is false.	1
1	Real Title 1	This is true.	0
2	Fake Title 1	This is false.	1
1	Real Title 1	This is true.	0
2	Fake Title 1	This is false.	1
1	Real Title 1	This is true.	0
2	Fake Title 1	This is false.	1
1	Real Title 1	This is true.	0
2	Fake Title 1	This is false.	1
1	Real Title 1	This is true.	0
2	Fake Title 1	This is false.	1
1	Real Title 1	This is true.	0
2	Fake Title 1	This is false.	1
1	Real Title 1	This is true.	0
2	Fake Title 1	This is false.	1
1	Real Title 1	This is true.	0
2	Fake Title 1	This is false.	1
1	Real Title 1	This is true.	0
2	Fake Title 1	This is false.	1
